{
  "timestamp": "20260114_202138",
  "threshold": 0.029443947598338127,
  "precision": 0.9986674524858385,
  "recall": 0.9998867598831856,
  "f1": 0.999276734238002,
  "auc": 0.9907798024538811,
  "tp": 2428193,
  "fp": 3240,
  "tn": 17508,
  "fn": 275
}