{
  "timestamp": "20260114_201900",
  "threshold": 0.07077190279960632,
  "precision": 0.9907284716516824,
  "recall": 0.9991006327058755,
  "f1": 0.9948969393394241,
  "auc": 0.9990801240064401,
  "tp": 507678,
  "fp": 4751,
  "tn": 1936330,
  "fn": 457
}