{
  "timestamp": "20260114_202421",
  "threshold": 0.14910940825939178,
  "precision": 0.9999893843580966,
  "recall": 1.0,
  "f1": 0.9999946921508752,
  "auc": 0.9847766153142626,
  "tp": 2449190,
  "fp": 26,
  "tn": 0,
  "fn": 0
}