{
  "timestamp": "20260111_024353",
  "threshold": 0.0010848924284800887,
  "precision": 0.7979711318475103,
  "recall": 0.9202807516852142,
  "f1": 0.8547727839877465,
  "auc": 0.8705141689159296,
  "tp": 248335,
  "fp": 62873,
  "tn": 171654,
  "fn": 21512
}