{
  "timestamp": "20260111_024934",
  "threshold": 3.0192410628089446e+17,
  "precision": 0.9390506430252,
  "recall": 0.6319695874138898,
  "f1": 0.7554981609212222,
  "auc": 0.6972905497974271,
  "tp": 722807,
  "fp": 46914,
  "tn": 886688,
  "fn": 420930
}