{
  "timestamp": "20260111_024755",
  "threshold": 1.6091504221549258e-05,
  "precision": 0.5505787219785341,
  "recall": 1.0,
  "f1": 0.7101590060206645,
  "auc": 0.41753557937033237,
  "tp": 1143737,
  "fp": 933599,
  "tn": 3,
  "fn": 0
}