{
  "timestamp": "20260114_202259",
  "threshold": 0.05658845603466034,
  "precision": 0.9998101343350618,
  "recall": 0.999995916108705,
  "f1": 0.9999030165923297,
  "auc": 0.986907113884376,
  "tp": 2448635,
  "fp": 465,
  "tn": 106,
  "fn": 10
}