{
  "timestamp": "20260111_024554",
  "threshold": 0.00011957660171901807,
  "precision": 0.5505779268573883,
  "recall": 1.0,
  "f1": 0.7101583446028594,
  "auc": 0.4629321335889976,
  "tp": 1143737,
  "fp": 933602,
  "tn": 0,
  "fn": 0
}