{
  "timestamp": "20260114_201529",
  "threshold": 0.3069051504135132,
  "precision": 0.9955689168707365,
  "recall": 0.9937745423266916,
  "f1": 0.9946709203417731,
  "auc": 0.9880897266396325,
  "tp": 1950209,
  "fp": 8680,
  "tn": 478110,
  "fn": 12217
}