{
  "timestamp": "20260111_025559",
  "threshold": 3.375708956809831e-06,
  "precision": 0.5505997584309663,
  "recall": 0.9999982513462448,
  "f1": 0.7101760638809806,
  "auc": 0.4598576843981319,
  "tp": 1143735,
  "fp": 933518,
  "tn": 84,
  "fn": 2
}