{
  "timestamp": "20251207_074433",
  "threshold": 9.484470501774922e-05,
  "precision": 0.6667803084110674,
  "recall": 0.7827620836992815,
  "f1": 0.7201311895702928,
  "auc": 0.7551448797662275,
  "tp": 211226,
  "fp": 105559,
  "tn": 128968,
  "fn": 58621
}