{
  "timestamp": "20251207_074601",
  "threshold": 0.0015633824514225125,
  "precision": 0.624748570452535,
  "recall": 0.9081516563089455,
  "f1": 0.7402522866498314,
  "auc": 0.7470577885443185,
  "tp": 245062,
  "fp": 147195,
  "tn": 87332,
  "fn": 24785
}