{
  "timestamp": "20251207_075053",
  "threshold": 0.0021978288423269987,
  "precision": 0.7795278847181198,
  "recall": 0.8381527309920066,
  "f1": 0.807778023814796,
  "auc": 0.8456771457170121,
  "tp": 226173,
  "fp": 63968,
  "tn": 170559,
  "fn": 43674
}