{
  "timestamp": "20251207_070805",
  "threshold": 2.821537600539159e-05,
  "precision": 0.8817728930203893,
  "recall": 0.06362494302326874,
  "f1": 0.11868601331406964,
  "auc": 0.7242481842388748,
  "tp": 17169,
  "fp": 2302,
  "tn": 232225,
  "fn": 252678
}