{
  "timestamp": "20251207_074208",
  "threshold": 1.1039875062124338e-05,
  "precision": 0.5364508708249753,
  "recall": 0.9989846097974037,
  "f1": 0.6980510358524986,
  "auc": 0.6312852850305711,
  "tp": 269573,
  "fp": 232939,
  "tn": 1588,
  "fn": 274
}