{
  "timestamp": "20251207_070341",
  "threshold": 1.1474159691715613e-05,
  "precision": 0.8446999168298769,
  "recall": 0.23335075061053115,
  "f1": 0.36568106784981114,
  "auc": 0.7242481842388748,
  "tp": 62969,
  "fp": 11577,
  "tn": 222950,
  "fn": 206878
}