{
  "timestamp": "20251207_071920",
  "threshold": 0.000687665306031704,
  "precision": 0.8291869109641163,
  "recall": 0.2099708353252028,
  "f1": 0.33508881391215894,
  "auc": 0.6312852850305711,
  "tp": 56660,
  "fp": 11672,
  "tn": 222855,
  "fn": 213187
}