{
  "timestamp": "20251207_071002",
  "threshold": 1.9955791685788427e-06,
  "precision": 0.528637510601981,
  "recall": 0.926206331736132,
  "f1": 0.673099607344648,
  "auc": 0.7242481842388748,
  "tp": 249934,
  "fp": 222855,
  "tn": 11672,
  "fn": 19913
}