{
  "timestamp": "20251207_071055",
  "threshold": 3.5453904274618253e-06,
  "precision": 0.6397439964519239,
  "recall": 0.7697473012484852,
  "f1": 0.6987502733251476,
  "auc": 0.7242481842388748,
  "tp": 207714,
  "fp": 116969,
  "tn": 117558,
  "fn": 62133
}