{
  "timestamp": "20251207_071145",
  "threshold": 4.5632050387212075e-06,
  "precision": 0.7513062406203633,
  "recall": 0.6548896226380134,
  "f1": 0.6997925015443587,
  "auc": 0.7242481842388748,
  "tp": 176720,
  "fp": 58497,
  "tn": 176030,
  "fn": 93127
}