{
  "timestamp": "20251207_080316",
  "threshold": 0.0012441369472071528,
  "precision": 0.8497402543495822,
  "recall": 0.9862292336027453,
  "f1": 0.912911336825387,
  "auc": 0.9032899013398886,
  "tp": 266131,
  "fp": 47060,
  "tn": 187467,
  "fn": 3716
}