{
  "timestamp": "20251207_070907",
  "threshold": 6.4374380599474534e-06,
  "precision": 0.8554586754003816,
  "recall": 0.510107579480224,
  "f1": 0.6391135584878679,
  "auc": 0.7242481842388748,
  "tp": 137651,
  "fp": 23258,
  "tn": 211269,
  "fn": 132196
}